manufact;model;sales;resale;type;price;engine_s;horsepow;wheelbas;width;length;curb_wgt;fuel_cap;mpg;lnsales;zresale;ztype;zprice;zengine_;zhorsepo;zwheelba;zwidth;zlength;zcurb_wg;zfuel_ca;zmpg;filter_$;logSales
Acura;Integra;16,919;16,36;0;21,5;1,8;140;101,2;67,3;172,4;2,639;13,2;28;2,82843725077666;-,149560618221778;-,592618775401597;-,410458276899195;-1,20700124170757;-,810378446772619;-,822788922602887;-1,11533688195974;-1,11255681328355;-1,17212353798345;-1,22222718856641;,970526586218014;1;2,82843725077666
Acura;TL;39,384;19,875;0;28,4;3,2;225;108,1;70,3;192,9;3,517;17,2;25;3,6733596424559;,157335576784713;-,592618775401597;,0703225717610769;,133156720615428;,68873123573365;,0801984308736042;-,246243207705392;,413677181603547;,220418450896137;-,193399769619371;,270037158265005;1;3,6733596424559
Acura;CL;14,114;18,225;0; ;3,2;225;106,9;70,6;192;3,47;17,2;26;2,64716721257864;,013273351532733;-,592618775401597; ;,133156720615428;,68873123573365;-,0768428479918712;-,159333840279958;,346671786706065;,145874631445863;-,193399769619371;,503533634249341;1;2,64716721257864
Acura;RL;8,588;29,725;0;42;3,5;210;114,6;71,4;196,6;3,85;18;22;2,15036588001653;1,01734340631926;-,592618775401597;1,01794859230886;,420333426827499;,424182468232544;,930838691394937;,072424472854537;,689143805070974;,748569341894885;,0123657141700376;-,430452269688004;1;2,15036588001653
Audi;A4;20,397;22,255;0;23,99;1,8;150;102,6;68,2;178;2,998;16,4;27;3,01538783121243;,365134422905751;-,592618775401597;-,236959101078314;-1,20700124170757;-,634012601771881;-,639574097259831;-,854608779683432;-,695634356143661;-,602735640480291;-,39916525340878;,737030110233678;1;3,01538783121243
Audi;A6;18,78;23,555;0;33,95;2,8;200;108,7;76,1;192;3,561;18,5;22;2,93279247378012;,478637994316402;-,592618775401597;,457037602205209;-,249745554334002;,247816623231806;,158719070306344;1,43400456251967;,346671786706065;,290204154211287;,140969141538418;-,430452269688004;1;2,93279247378012
Audi;A8;1,38;39;0;62;4,2;310;113;74;198,2;3,902;23,7;21;,322083499169113;1,82714773311448;-,592618775401597;2,41151626958501;1,090412407989;2,18784091823992;,721450319574302;,825638990541634;,808264507110942;,831043354903699;1,47844478616957;-,663948745672341;1;,322083499169113
BMW;323i;19,747; ;0;26,99;2,5;170;107,3;68,4;176;3,179;16,6;26,1;2,98300158107517; ;-,592618775401597;-,0279239494868916;-,536922260546073;-,281280911770406;-,0244957550367133;-,796669201399808;-,844535233693622;-,315662633661152;-,347723882461427;,526883281847775;1;2,98300158107517
BMW;328i;9,231;28,675;0;33,4;2,8;193;107,3;68,5;176;3,197;16,6;24;2,22256738500801;,925667444795274;-,592618775401597;,418714491080114;-,249745554334002;,12436053173129;-,0244957550367133;-,767699412257998;-,844535233693622;-,287113936850408;-,347723882461427;,0365406822806684;1;2,22256738500801
BMW;528i;17,527;36,125;0;38,9;2,8;193;111,4;70,9;188;3,472;18,5;24,8;2,86374254909104;1,57613021941785;-,592618775401597;,801945602331055;-,249745554334002;,12436053173129;,512061947753667;-,0724244728545205;,0488700316061429;,149046708869279;,140969141538418;,223337863068138;1;2,86374254909104
Buick;Century;91,561;12,475;0;21,975;3,1;175;109;72,7;194,6;3,368;17,5;25;4,51700541682464;-,488761675860531;-,592618775401597;-,377361044563886;,0374311518780703;-,193097989270037;,197979390022713;,449031731698086;,540242927521013;-,0159013171483485;-,116237713198343;,270037158265005;1;4,51700541682464
Buick;Regal;39,35;13,74;0;25,3;3,8;240;109;72,7;196,2;3,543;17,5;23;3,67249597486341;-,378313969834013;-,592618775401597;-,145680418216726;,707510133039571;,953280003234757;,197979390022713;,449031731698086;,659363629560982;,261655457400544;-,116237713198343;-,196955793703668;1;3,67249597486341
Buick;Park Avenue;27,851;20,19;0;31,965;3,8;205;113,8;74,7;206,8;3,778;18,5;24;3,32686887237139;,184838365241909;-,592618775401597;,318726010235551;,707510133039571;,335999545732175;,82614450548462;1,02842751453432;1,44853828057578;,634374554651912;,140969141538418;,0365406822806684;1;3,32686887237139
Buick;LeSabre;83,257;13,36;0;27,885;3,8;205;112,2;73,5;200;3,591;17,5;25;4,42193220940977;-,411491936861742;-,592618775401597;,0344382040712163;,707510133039571;,335999545732175;,616756133663985;,680790044832577;,942275296905908;,337785315562525;-,116237713198343;,270037158265005;1;4,42193220940977
Cadillac;DeVille;63,729;22,525;0;39,895;4,6;275;115,3;74,5;207,2;3,978;18,5;22;4,15463971800586;,388708241583348;-,592618775401597;,871275594275544;1,47331468293843;1,57056046073734;1,02244610406647;,970487936250692;1,47831845608577;,951582296993503;,140969141538418;-,430452269688004;1;4,15463971800586
Cadillac;Seville;15,943;27,1;0;44,475;4,6;275;112,2;75;201; ;18,5;22;2,76901986142523;,788153502509293;-,592618775401597;1,19040259237178;1,47331468293843;1,57056046073734;,616756133663985;1,11533688195975;1,01672573568089; ;,140969141538418;-,430452269688004;1;2,76901986142523
Cadillac;Eldorado;6,536;25,725;0;39,665;4,6;275;108;75,5;200,6;3,843;19;22;1,8773253575577;,668101648132643;-,592618775401597;,855249565986868;1,47331468293843;1,57056046073734;,0671116576348152;1,26018582766881;,986945560170896;,737467070912929;,269572568906798;-,430452269688004;1;1,8773253575577
Cadillac;Catera;11,185;18,225;0;31,01;3;200;107,4;70,3;194,8;3,77;18;22;2,41457359494209;,013273351532733;-,592618775401597;,252183153645615;-,058294416859287;,247816623231806;-,0114089817979225;-,246243207705392;,555133015276011;,621686244958249;,0123657141700376;-,430452269688004;1;2,41457359494209
Chevrolet;Cavalier;145,519;9,25;0;13,26;2,2;115;104,1;67,9;180,9;2,676;14,3;27;4,98030666227861;-,770337843398492;-,592618775401597;-,984608159936968;-,824098966758145;-1,25129305927446;-,443272498677985;-,941518147108865;-,479728083696218;-1,11344010565025;-,939299648355977;,737030110233678;1;4,98030666227861
Chevrolet;Malibu;135,126;11,225;0;16,535;3,1;170;107;69,4;190,4;3,051;15;25;4,90620767648703;-,59789972529385;-,592618775401597;-,756411452782999;,0374311518780703;-,281280911770406;-,0637560747530822;-,506971309981693;,227551084666096;-,518675588759769;-,759254850040245;,270037158265005;1;4,90620767648703
Chevrolet;Lumina;24,629;10,31;0;18,89;3,1;175;107,5;72,5;200,9;3,33;16,6;25;3,20392461041499;-,677788777479038;-,592618775401597;-,592318858783732;,0374311518780703;-,193097989270037;,00167779144086652;,391092153414462;1,00928069180339;-,0761707881932504;-,347723882461427;,270037158265005;1;3,20392461041499
Chevrolet;Monte Carlo;42,593;11,525;0;19,39;3,4;180;110,5;72,7;197,9;3,34;17;27;3,75168992052461;-,571706593429853;-,592618775401597;-,557479666851828;,324607858090142;-,104915066769669;,394280988604559;,449031731698086;,785929375478449;-,0603104010761712;-,244841140566723;,737030110233678;1;3,75168992052461
Chevrolet;Camaro;26,402;13,025;0;24,34;3,8;200;101,1;74,1;193,2;3,5;16,8;25;3,27343976485857;-,440740934109871;-,592618775401597;-,212571666725981;,707510133039571;,247816623231806;-,835875695841677;,854608779683444;,43601231323604;,193455792797101;-,296282511514075;,270037158265005;1;3,27343976485857
Chevrolet;Corvette;17,947;36,225;0;45,705;5,7;345;104,5;73,6;179,7;3,21;19,1;22;2,88742297004714;1,58486126337252;-,592618775401597;1,27610700452427;2,52629593904936;2,8051213757425;-,390925405722826;,709759833974387;-,569068610226195;-,266495433598205;,295293254380475;-,430452269688004;1;2,88742297004714
Chevrolet;Prizm;32,299;9,125;0;13,96;1,8;120;97,1;66,7;174,3;2,398;13,2;33;3,47503626999703;-,781251648341824;-,592618775401597;-,935833291232303;-1,20700124170757;-1,16311013677409;-1,35934662539327;-1,2891556168106;-,971100979611088;-1,55435886750506;-1,22222718856641;2,1380089661397;1;3,47503626999703
Chevrolet;Metro;21,855;5,16;0;9,235;1;55;93,1;62,6;149,4;1,895;10,3;45;3,08442972831528;-1,12743754114431;-,592618775401597;-1,26506365498879;-1,97280579160643;-2,30948812927889;-1,88281755494486;-2,47691697162488;-2,8249169051081;-2,35213633949416;-1,96812706730302;4,93996667795173;0;3,08442972831528
Chevrolet;Impala;107,995; ;0;18,89;3,4;180;110,5;73;200;3,389;17;27;4,68208492975622; ;-,592618775401597;-,592318858783732;,324607858090142;-,104915066769669;,394280988604559;,535941099123519;,942275296905908;,0174054957975184;-,244841140566723;,737030110233678;1;4,68208492975622
Chrysler;Sebring Coupe;7,854;12,36;0;19,84;2,5;163;103,7;69,7;190,9;2,967;15,9;24;2,06102295615582;-,498802376408397;-,592618775401597;-,526124394113115;-,536922260546073;-,404737003270923;-,495619591633143;-,420061942556259;,264776304053587;-,651902840543237;-,52776868077716;,0365406822806684;1;2,06102295615582
Chrysler;Sebring Conv.;32,775;14,18;0;24,495;2,5;168;106;69,2;193;3,332;16;24;3,48966602964976;-,339897376433485;-,592618775401597;-,201771517227091;-,536922260546073;-,316554080770554;-,19462380714098;-,564910888265317;,421122225481045;-,0729987107698348;-,502047995303484;,0365406822806684;1;3,48966602964976
Chrysler;Concorde;31,148;13,725;0;22,245;2,7;200;113;74,4;209,1;3,452;17;26;3,43875003771474;-,379623626427213;-,592618775401597;-,358547880920658;-,345471123071359;,247816623231806;,721450319574302;,941518147108882;1,61977428975823;,11732593463512;-,244841140566723;,503533634249341;1;3,43875003771474
Chrysler;Cirrus;32,306;12,64;0;16,48;2;132;108;71;186;2,911;16;27;3,47525297149157;-,474355453335333;-,592618775401597;-,760243763895508;-1,01555010423286;-,951471122773209;,0671116576348152;-,0434546837127107;-,100030845943818;-,740721008398883;-,502047995303484;,737030110233678;1;3,47525297149157
Chrysler;LHS;13,462;17,325;0;28,34;3,5;253;113;74,4;207,7;3,564;17;23;2,59987090158852;-,0653060440592564;-,592618775401597;,0661418687292486;,420333426827499;1,18255560173572;,721450319574302;,941518147108882;1,51554367547326;,294962270346411;-,244841140566723;-,196955793703668;1;2,59987090158852
Chrysler;300M;30,696; ;0;29,185;3,5;253;113;74,4;197,8;3,567;17;23;3,42413235294465; ;-,592618775401597;,125020103094166;,420333426827499;1,18255560173572;,721450319574302;,941518147108882;,778484331600952;,299720386481535;-,244841140566723;-,196955793703668;1;3,42413235294465
Dodge;Neon;76,034;7,75;0;12,64;2;132;105;74,4;174,4;2,567;12,5;29;4,33118060866797;-,901303502718474;-,592618775401597;-1,02780875793253;-1,01555010423286;-,951471122773209;-,325491539528877;,941518147108882;-,96365593573359;-1,28631832522642;-1,40227198688215;1,20402306220235;1;4,33118060866797
Dodge;Avenger;4,734;12,545;0;19,045;2,5;163;103,7;69,1;190,2;2,879;15,9;24;1,55477051109179;-,482649945092265;-,592618775401597;-,581518709284842;-,536922260546073;-,404737003270923;-,495619591633143;-,593880677407131;,212660996911099;-,791474247173537;-,52776868077716;,0365406822806684;1;1,55477051109179
Dodge;Stratus;71,186;10,185;0;20,23;2,5;168;108;71;186;3,058;16;24;4,26529616987039;-,68870258242237;-,592618775401597;-,49894982440623;-,536922260546073;-,316554080770554;,0671116576348152;-,0434546837127107;-,100030845943818;-,507573317777814;-,502047995303484;,0365406822806684;1;4,26529616987039
Dodge;Intrepid;88,028;12,275;0;22,505;2,7;202;113;74,7;203,7;3,489;17; ;4,47765494568729;-,506223763769862;-,592618775401597;-,340431501116068;-,345471123071359;,283089792231954;,721450319574302;1,02842751453432;1,21774192037333;,176009366968314;-,244841140566723; ;1;4,47765494568729
Dodge;Viper;,916;58,47;0;69,725;8;450;96,2;75,7;176,7;3,375;19;16;-,0877389143080068;3,52708199108785;-,592618775401597;2,94978178493292;4,72798402000858;4,65696274825025;-1,47712758454237;1,31812540595243;-,792419926551137;-,00479904616639264;,269572568906798;-1,83143112559402;1;-,0877389143080068
Ford;Escort;70,227;7,425;0;12,07;2;110;98,4;67;174,7;2,468;12,7;30;4,25173285247084;-,929679395571137;-,592618775401597;-1,0675254367349;-1,01555010423286;-1,33947598177483;-1,189218573289;-1,20224624938517;-,941320804101097;-1,44333615768551;-1,35083061593479;1,43751953818669;1;4,25173285247084
Ford;Mustang;113,369;12,76;0;21,56;3,8;190;101,3;73,1;183,2;3,203;15,7;24;4,73064798531494;-,463878200589735;-,592618775401597;-,406277573867366;,707510133039571;,0714507782310689;-,809702149364098;,564910888265329;-,308492074513764;-,277597704580161;-,579210051724512;,0365406822806684;1;4,73064798531494
Ford;Contour;35,068;8,835;0;17,035;2,5;170;106,5;69,1;184,6;2,769;15;25;3,55728903372634;-,806571675810354;-,592618775401597;-,721572260851095;-,536922260546073;-,281280911770406;-,129189940947031;-,593880677407131;-,204261460228791;-,965938505461412;-,759254850040245;,270037158265005;1;3,55728903372634
Ford;Taurus;245,815;10,055;0;17,885;3;155;108,5;73;197,6;3,368;16;24;5,50457922049373;-,700052939563435;-,592618775401597;-,662345634566859;-,058294416859287;-,545829679271513;,132545523828764;,535941099123519;,763594243845955;-,0159013171483485;-,502047995303484;,0365406822806684;1;5,50457922049373
Ford;Focus;175,67; ;0;12,315;2;107;103;66,9;174,8;2,564;13,2;30;5,16860723502529; ;-,592618775401597;-1,05045423268827;-1,01555010423286;-1,39238573527505;-,587227004304672;-1,23121603852698;-,933875760223598;-1,29107644136154;-1,22222718856641;1,43751953818669;1;5,16860723502529
Ford;Crown Victoria;63,403;14,21;0;22,195;4,6;200;114,7;78,2;212;3,908;19;21;4,14951117893568;-,337278063247085;-,592618775401597;-,362031800113848;1,47331468293843;,247816623231806;,943925464633728;2,04237013449772;1,83568056220567;,840559587173946;,269572568906798;-,663948745672341;1;4,14951117893568
Honda;Civic;199,685;9,85;0;12,885;1,6;106;103,2;67,1;175,1;2,339;11,9;32;5,29674112493167;-,7179515796705;-,592618775401597;-1,0107375538859;-1,39845237918229;-1,41002231977513;-,561053457827092;-1,17327646024336;-,911540628591105;-1,64793515149583;-1,5565960997242;1,90451249015536;1;5,29674112493167
Honda;Accord;230,902;13,21;0;15,35;2,3;135;106,9;70,3;188,8;2,932;17,1;27;5,44199337808127;-,42458850279374;-,592618775401597;-,838980337661611;-,728373398020788;-,898561369272988;-,0768428479918712;-,246243207705392;,108430382626128;-,707414195453016;-,219120455093047;,737030110233678;1;5,44199337808127
Hyundai;Accent;41,184;5,86;0;9,699;1,5;92;96,1;65,7;166,7;2,24;11,9;31;3,71804983141372;-1,06632023346165;-,592618775401597;-1,23273288487599;-1,49417794791965;-1,65693450277616;-1,49021435778116;-1,57885350822872;-1,53692431430094;-1,80495298395492;-1,5565960997242;1,67101601417102;1;3,71804983141372
Hyundai;Elantra;66,692;7,825;0;11,799;2;140;100,4;66,9;174;2,626;14,5;27;4,20008500569821;-,894755219752475;-,592618775401597;-1,08640827876199;-1,01555010423286;-,810378446772619;-,927483108513204;-1,23121603852698;-,993436111243583;-1,19274204123565;-,887858277408625;,737030110233678;1;4,20008500569821
Hyundai;Sonata;29,45;8,91;0;14,999;2,4;148;106,3;71,6;185,4;3,072;17,2;25;3,3826939100976;-,800023392844355;-,592618775401597;-,863437450397807;-,632647829283431;-,669285770772029;-,155363487424611;,130364051138157;-,144701109208806;-,485368775813902;-,193399769619371;,270037158265005;1;3,3826939100976
Infiniti;I30;23,713;19,69;0;29,465;3;227;108,3;70,2;193,7;3,342;18,5;25;3,16602342096397;,141183145468582;-,592618775401597;,144530050576032;-,058294416859287;,724004404733798;,106371977351184;-,275212996847202;,47323753262353;-,057138323652755;,140969141538418;,270037158265005;1;3,16602342096397
Jaguar;S-Type;15,467; ;0;42,8;3;240;114,5;71,6;191,3;3,65;18,4;21;2,738708722056; ;-,592618775401597;1,0736912993999;-,058294416859287;,953280003234757;,917751918156148;,130364051138157;,294556479563579;,431361599553294;,115248456064741;-,663948745672341;1;2,738708722056
Lexus;ES300;24,072;26,975;0;31,505;3;210;105,1;70,5;190,2;3,373;18,5;23;3,18104933932774;,777239697565961;-,592618775401597;,286673953658199;-,058294416859287;,424182468232544;-,312404766290088;-,188303629421768;,212660996911099;-,0079711235898082;,140969141538418;-,196955793703668;1;3,18104933932774
Lexus;GS300;12,698;32,075;0;37,805;3;225;110,2;70,9;189,2;3,638;19,8;23;2,54144450074826;1,2225229392539;-,592618775401597;,725647772000186;-,058294416859287;,68873123573365;,35502066888819;-,0724244728545205;,138210558136119;,412329135012799;,475338052696207;-,196955793703668;1;2,54144450074826
Lexus;GS400;3,334; ;0;46,305;4;300;110,2;70,9;189,2;3,693;19,8;21;1,2041727843286; ;-,592618775401597;1,31791403484255;,898961270514286;2,01147507323918;,35502066888819;-,0724244728545205;,138210558136119;,499561264156736;,475338052696207;-,663948745672341;1;1,2041727843286
Lexus;LS400;6,375;40,375;0;54,005;4;290;112,2;72;196,7;3,89;22,5;22;1,85238409104449;1,94719958749113;-,592618775401597;1,85443759059387;,898961270514286;1,83510922823844;,616756133663985;,246243207705404;,696588848948472;,812010890363203;1,16979656048546;-,430452269688004;1;1,85238409104449
Lincoln;Continental;13,798;20,525;0;39,08;4,6;275;109;73,6;208,5;3,868;20;22;2,62452365412392;,214087362490038;-,592618775401597;,814487711426541;1,47331468293843;1,57056046073734;,197979390022713;,709759833974387;1,57510402649324;,777118038705628;,526779423643559;-,430452269688004;1;2,62452365412392
Lincoln;Town car;48,911;21,725;0;43,33;4,6;215;117,7;78,2;215,3;4,121;19;21;3,89000232005888;,318859889946024;-,592618775401597;1,11062084284772;1,47331468293843;,512365390732913;1,33652866179742;2,04237013449772;2,08136701016311;1,17838583276774;,269572568906798;-,663948745672341;1;3,89000232005888
Mitsubishi;Mirage;26,232;8,325;0;13,987;1,8;113;98,4;66,5;173,6;2,25;13,2;30;3,26698003954235;-,851099999979148;-,592618775401597;-,93395197486798;-1,20700124170757;-1,28656622827461;-1,189218573289;-1,34709519509423;-1,02321628675358;-1,78909259683784;-1,22222718856641;1,43751953818669;1;3,26698003954235
Mitsubishi;Eclipse;42,541;10,395;0;19,047;2,4;154;100,8;68,9;175,4;2,91;15,9;24;3,75046831678306;-,670367390117573;-,592618775401597;-,581379352517114;-,632647829283431;-,563466263771586;-,875136015558046;-,65182025569075;-,88920549695861;-,74230704711059;-,52776868077716;,0365406822806684;1;3,75046831678306
Mitsubishi;Galant;55,616;10,595;0;17,357;2,4;145;103,7;68,5;187,8;2,945;16,3;25;4,01847092964293;-,652905302208242;-,592618775401597;-,699135821246949;-,632647829283431;-,72219552427225;-,495619591633143;-,767699412257998;,0339799438511477;-,686795692200813;-,424885938882455;,270037158265005;1;4,01847092964293
Mitsubishi;Diamante;5,711;16,575;0;24,997;3,5;210;107,1;70,3;194,1;3,443;19;22;1,74239413968273;-,130788873719247;-,592618775401597;-,16679296852746;,420333426827499;,424182468232544;-,0506693015142932;-,246243207705392;,503017708133523;,103051586229748;,269572568906798;-,430452269688004;1;1,74239413968273
Mitsubishi;3000GT;,11;20,94;0;25,45;3;161;97,2;72,4;180,3;3,131;19,8;21;-2,20727491318972;,2503211949019;-,592618775401597;-,135228660637155;-,058294416859287;-,44001017227107;-1,34625985215448;,362122364272652;-,524398346961205;-,391792491823134;,475338052696207;-,663948745672341;1;-2,20727491318972
Mercury;Mystique;14,351;8,8;0;16,24;2;125;106,5;69,1;184,8;2,769;15;28;2,66381962618879;-,809627541194487;-,592618775401597;-,776966576022822;-1,01555010423286;-1,07492721427373;-,129189940947031;-,593880677407131;-,189371372473794;-,965938505461412;-,759254850040245;,970526586218014;1;2,66381962618879
Mercury;Cougar;26,529;13,89;0;16,54;2;125;106,4;69,6;185;2,892;16;30;3,27823847426171;-,365217403902015;-,592618775401597;-,75606306086368;-1,01555010423286;-1,07492721427373;-,14227671418582;-,449031731698073;-,174481284718798;-,770855743921334;-,502047995303484;1,43751953818669;1;3,27823847426171
Mercury;Sable;67,956;11,03;0;19,035;3;153;108,5;73;199,7;3,379;16;24;4,21886043691967;-,614925261005447;-,592618775401597;-,58221549312348;-,058294416859287;-,58110284827166;,132545523828764;,535941099123519;,919940165273413;,00154510868043917;-,502047995303484;,0365406822806684;1;4,21886043691967
Mercury;Grand Marquis;81,174;14,875;0;22,605;4,6;200;114,7;78,2;212;3,958;19;21;4,39659499884928;-,27921662094856;-,592618775401597;-,333463662729687;1,47331468293843;,247816623231806;,943925464633728;2,04237013449772;1,83568056220567;,919861522759344;,269572568906798;-,663948745672341;1;4,39659499884928
Mercedes-Benz;C-Class;18,392;26,05;0;31,75;2,3;185;105,9;67,7;177,4;3,25;16,4;26;2,91191578746088;,696477540985305;-,592618775401597;,303745157704832;-,728373398020788;-,0167321442692999;-,207710580379769;-,999457725392489;-,740304619408649;-,203053885129887;-,39916525340878;,503533634249341;1;2,91191578746088
Mercedes-Benz;E-Class;27,602;41,45;0;49,9;3,2;221;111,5;70,8;189,4;3,823;21,1;25;3,31788823386585;2,04105831000379;-,592618775401597;1,56840782483294;,133156720615428;,618184897733355;,525148720992456;-,101394261996334;,153100645891116;,70574629667877;,809706963853996;,270037158265005;1;3,31788823386585
Mercedes-Benz;S-Class;16,774;50,375;0;69,7;4,3;275;121,5;73,1;203,1;4,133;23,2;21;2,81983006856222;2,82030398295768;-,592618775401597;2,94803982533633;1,18613797672636;1,57056046073734;1,83382604487143;,564910888265329;1,17307165710835;1,19741829730824;1,34984135880119;-,663948745672341;1;2,81983006856222
Mercedes-Benz;SL-Class;3,311;58,6;0;82,6;5;302;99;71,3;177,1;4,125;21,1;20;1,19725025856511;3,53843234822891;-,592618775401597;3,84689097717944;1,85621695788786;2,04674824223933;-1,11069793385626;,043454683712723;-,762639751041144;1,18472998761457;,809706963853996;-,897445221656677;1;1,19725025856511
Mercedes-Benz;SLK;7,998; ;0;38,9;2,3;190;94,5;67,5;157,9;3,055;15,9;26;2,07919151042463; ;-,592618775401597;,801945602331055;-,728373398020788;,0714507782310689;-1,6996027296018;-1,05739730367611;-2,19208817552077;-,512331433912937;-,52776868077716;,503533634249341;1;2,07919151042463
Mercedes-Benz;SLK230;1,526; ;0;41;2,3;185;94,5;67,5;157,3;2,975;14;27;,422649932862265; ;-,592618775401597;,948270208445051;-,728373398020788;-,0167321442692999;-1,6996027296018;-1,05739730367611;-2,23675843878576;-,639214530849574;-1,01646170477701;,737030110233678;1;,422649932862265
Mercedes-Benz;CLK Coupe;11,592; ;0;41,6;3,2;215;105,9;67,8;180,3;3,213;16,4;26;2,45031520501838; ;-,592618775401597;,990077238763336;,133156720615428;,512365390732913;-,207710580379769;-,970487936250679;-,524398346961205;-,261737317463081;-,39916525340878;,503533634249341;1;2,45031520501838
Mercedes-Benz;CL500;,954; ;0;85,5;5;302;113,6;73,1;196,6;4,115;23,2;20;-,0470916075338506; ;-,592618775401597;4,04895829038448;1,85621695788786;2,04674824223933;,79997095900704;,564910888265329;,689143805070974;1,16886960049749;1,34984135880119;-,897445221656677;1;-,0470916075338506
Nissan;Sentra;42,643;8,45;0;13,499;1,8;126;99,8;67,3;177,5;2,593;13,2;30;3,75286313385548;-,840186195035816;-,592618775401597;-,967955026193518;-1,20700124170757;-1,05729062977365;-1,00600374794594;-1,11533688195974;-,732859575531152;-1,24508131872201;-1,22222718856641;1,43751953818669;1;3,75286313385548
Nissan;Altima;88,094;11,295;0;20,39;2,4;155;103,1;69,1;183,5;3,012;15,9;25;4,47840442619613;-,591787994525584;-,592618775401597;-,487801282988021;-,632647829283431;-,545829679271513;-,574140231065883;-,593880677407131;-,286156942881269;-,580531098516379;-,52776868077716;,270037158265005;1;4,47840442619613
Nissan;Maxima;79,853;15,125;0;26,249;3;222;108,3;70,3;190,5;3,294;18,5;25;4,38018744439985;-,257389011061896;-,592618775401597;-,0795556319299729;-,058294416859287;,635821482233429;,106371977351184;-,246243207705392;,234996128543594;-,133268181814737;,140969141538418;,270037158265005;1;4,38018744439985
Oldsmobile;Cutlass;1,112;11,24;0;18,145;3,1;150;107;69,4;192;3,102;15,2;25;,106160195828391;-,59659006870065;-,592618775401597;-,644229254762269;,0374311518780703;-,634012601771881;-,0637560747530822;-,506971309981693;,346671786706065;-,437787614462664;-,707813479092893;,270037158265005;1;,106160195828391
Oldsmobile;Intrigue;38,554; ;0;24,15;3,5;215;109;73,6;195,9;3,455;18; ;3,6520598559754; ;-,592618775401597;-,225810559660105;,420333426827499;,512365390732913;,197979390022713;,709759833974387;,637028497928489;,122084050770244;,0123657141700376; ;1;3,6520598559754
Oldsmobile;Alero;80,255; ;0;18,27;2,4;150;107;70,1;186,7;2,958;15;27;4,38520906536518; ;-,592618775401597;-,635519456779293;-,632647829283431;-,634012601771881;-,0637560747530822;-,304182785989016;-,0479155388013325;-,666177188948609;-,759254850040245;,737030110233678;1;4,38520906536518
Oldsmobile;Aurora;14,69;19,89;0;36,229;4;250;113,8;74,4;205,4;3,967;18,5;22;2,68716699018579;,158645233377913;-,592618775401597;,615834639030826;,898961270514286;1,12964584823549;,82614450548462;,941518147108882;1,3443076662908;,934135871164716;,140969141538418;-,430452269688004;1;2,68716699018579
Plymouth;Neon;32,734;7,75;0;12,64;2;132;105;74,4;174,4;2,559;12,5;29;3,48841429308369;-,901303502718474;-,592618775401597;-1,02780875793253;-1,01555010423286;-,951471122773209;-,325491539528877;,941518147108882;-,96365593573359;-1,29900663492008;-1,40227198688215;1,20402306220235;1;3,48841429308369
Plymouth;Breeze;5,24;9,8;0;16,08;2;132;108;71;186,3;2,942;16;27;1,65632149833295;-,722317101647832;-,592618775401597;-,788115117441031;-1,01555010423286;-,951471122773209;,0671116576348152;-,0434546837127107;-,0776957143113229;-,691553808335936;-,502047995303484;,737030110233678;1;1,65632149833295
Plymouth;Prowler;1,872; ;0;43;3,5;253;113,3;76,3;165,4;2,85;12;21;,6270073780554; ;-,592618775401597;1,08762697617267;,420333426827499;1,18255560173572;,760710639290671;1,4919441408033;-1,63370988470841;-,837469369813068;-1,53087541425053;-,663948745672341;1;,6270073780554
Pontiac;Sunfire;51,645;13,79;0;21,61;2,4;150;104,1;68,4;181,9;2,906;15;27;3,9443933854586;-,37394844785668;-,592618775401597;-,402793654674176;-,632647829283431;-,634012601771881;-,443272498677985;-,796669201399808;-,405277644921237;-,748651201957422;-,759254850040245;,737030110233678;1;3,9443933854586
Pontiac;Grand Am;131,097;10,29;0;19,72;3,4;175;107;70,4;186,3;3,091;15,2;25;4,87593750721263;-,679534986269972;-,592618775401597;-,534485800176772;,324607858090142;-,193097989270037;-,0637560747530822;-,217273418563578;-,0776957143113229;-,455234040291451;-,707813479092893;,270037158265005;1;4,87593750721263
Pontiac;Firebird;19,911;17,805;0;25,31;3,8;200;101,1;74,5;193,4;3,492;16,8;25;2,9912723428319;-,0233970330768621;-,592618775401597;-,144983634378088;,707510133039571;,247816623231806;-,835875695841677;,970487936250692;,450902400991038;,180767483103438;-,296282511514075;,270037158265005;1;2,9912723428319
Pontiac;Grand Prix;92,364;14,01;0;21,665;3,8;195;110,5;72,7;196,5;3,396;18;25;4,52573729234018;-,354740151156416;-,592618775401597;-,398961343561666;,707510133039571;,159633700731438;,394280988604559;,449031731698086;,681698761193477;,0285077667794742;,0123657141700376;,270037158265005;1;4,52573729234018
Pontiac;Bonneville;35,945;13,225;0;23,755;3,8;205;112,2;72,6;202,5;3,59;17,5;24;3,58198999243584;-,42327884620054;-,592618775401597;-,253333521286309;,707510133039571;,335999545732175;,616756133663985;,420061942556272;1,12840139384336;,336199276850817;-,116237713198343;,0365406822806684;1;3,58198999243584
Porsche;Boxter;8,982;41,25;0;41,43;2,7;217;95,2;70,1;171;2,778;17;22;2,19522257466555;2,02359622209446;-,592618775401597;,978231913506488;-,345471123071359;,54763855973306;-1,60799531693027;-,304182785989016;-1,21678742756852;-,95166415705604;-,244841140566723;-,430452269688004;1;2,19522257466555
Porsche;Carrera Coupe;1,28;60,625;0;71,02;3,4;300;92,6;69,5;174,5;3,032;17;21;,246860077931526;3,71523598831089;-,592618775401597;3,04001529203655;,324607858090142;2,01147507323918;-1,94825142113881;-,478001520839883;-,956210891856093;-,54881032428222;-,244841140566723;-,663948745672341;1;,246860077931526
Porsche;Carrera Cabriolet;1,866;67,55;0;74,97;3,4;300;92,6;69,5;174,5;3,075;17;23;,623797102425152;4,31986078217147;-,592618775401597;3,31524490829859;,324607858090142;2,01147507323918;-1,94825142113881;-,478001520839883;-,956210891856093;-,480610659678778;-,244841140566723;-,196955793703668;1;,623797102425152
Saab;9-5;9,191; ;0;33,12;2,3;170;106,4;70,6;189,2;3,28;18,5;23;2,21822474437597; ;-,592618775401597;,399204543598248;-,728373398020788;-,281280911770406;-,14227671418582;-,159333840279958;,138210558136119;-,155472723778648;,140969141538418;-,196955793703668;1;2,21822474437597
Saab;9-3;12,115; ;0;26,1;2;185;102,6;67,4;182,2;2,99;16,9;23;2,49444435426849; ;-,592618775401597;-,0899377111256801;-1,01555010423286;-,0167321442692999;-,639574097259831;-1,08636709281792;-,382942513288744;-,615423950173954;-,2705618260404;-,196955793703668;1;2,49444435426849
Saturn;SL;80,62;9,2;0;10,685;1,9;100;102,4;66,4;176,9;2,332;12,1;33;4,38974675768902;-,774703365375825;-,592618775401597;-1,16402999838627;-1,11127567297022;-1,51584182677557;-,665747643737409;-1,37606498423604;-,777529838796139;-1,65903742247779;-1,50515472877685;2,1380089661397;1;4,38974675768902
Saturn;SC;24,546;10,59;0;12,535;1,9;100;102,4;66,4;180;2,367;12,1;33;3,20054890817532;-,653341854405975;-,592618775401597;-1,03512498823823;-1,11127567297022;-1,51584182677557;-,665747643737409;-1,37606498423604;-,5467334785937;-1,60352606756801;-1,50515472877685;2,1380089661397;1;3,20054890817532
Saturn;SW;5,223;10,79;0;14,29;1,9;124;102,4;66,4;176,9;2,452;12,1;31;1,65307194945416;-,635879766496644;-,592618775401597;-,912839424557246;-1,11127567297022;-1,0925637987738;-,665747643737409;-1,37606498423604;-,777529838796139;-1,46871277707283;-1,50515472877685;1,67101601417102;1;1,65307194945416
Saturn;LW;8,472; ;0;18,835;2,2;137;106,5;69;190,4;3,075;13,1;27;2,13676660829911; ;-,592618775401597;-,596151169896241;-,824098966758145;-,86328820027284;-,129189940947031;-,622850466548941;,227551084666096;-,480610659678778;-1,24794787404009;,737030110233678;1;2,13676660829911
Saturn;LS;49,989; ;0;15,01;2,2;137;106,5;69;190,4;2,91;13,1;28;3,9118029812246; ;-,592618775401597;-,862670988175305;-,824098966758145;-,86328820027284;-,129189940947031;-,622850466548941;,227551084666096;-,74230704711059;-1,24794787404009;,970526586218014;1;3,9118029812246
Subaru;Outback;47,107; ;0;22,695;2,5;165;103,5;67,5;185,8;3,415;16,9;25;3,85242160993706; ;-,592618775401597;-,327192608181945;-,536922260546073;-,369463834270775;-,521793138110723;-1,05739730367611;-,114920933698813;,0586425023019255;-,2705618260404;,270037158265005;1;3,85242160993706
Toyota;Corolla;142,535;10,025;0;13,108;1,8;120;97;66,7;174;2,42;13,2;33;4,9595875835856;-,702672252749835;-,592618775401597;-,995199274284267;-1,20700124170757;-1,16311013677409;-1,37243339863206;-1,2891556168106;-,993436111243583;-1,51946601584749;-1,22222718856641;2,1380089661397;1;4,9595875835856
Toyota;Camry;247,994;13,245;0;17,518;2,2;133;105,2;70,1;188,5;2,998;18,5;27;5,51340455232393;-,421532637409607;-,592618775401597;-,687917601444876;-,824098966758145;-,933834538273135;-,299317993051297;-,304182785989016;,0860952509936331;-,602735640480291;,140969141538418;,737030110233678;1;5,51340455232393
Toyota;Avalon;63,849;18,14;0;25,545;3;210;107,1;71,7;191,9;3,417;18,5;26;4,15652092064878;,00585196417126727;-,592618775401597;-,128609214170093;-,058294416859287;,424182468232544;-,0506693015142932;,159333840279971;,339226742828567;,0618145797253411;,140969141538418;,503533634249341;1;4,15652092064878
Toyota;Celica;33,269;15,445;0;16,875;1,8;140;102,4;68,3;170,5;2,425;14,5;31;3,50462603247016;-,229449670406967;-,592618775401597;-,732720802269304;-1,20700124170757;-,810378446772619;-,665747643737409;-,825638990541622;-1,25401264695601;-1,51153582228895;-,887858277408625;1,67101601417102;1;3,50462603247016
Volkswagen;Golf;9,761;11,425;0;14,9;2;115;98,9;68,3;163,3;2,767;14,5;26;2,27839485419283;-,580437637384519;-,592618775401597;-,870335610400324;-1,01555010423286;-1,25129305927446;-1,12378470709505;-,825638990541622;-1,79005580613587;-,969110582884828;-,887858277408625;,503533634249341;1;2,27839485419283
Volkswagen;Jetta;83,721;13,24;0;16,7;2;115;98,9;68,3;172,3;2,853;14,5;26;4,42748984208363;-,42196918960734;-,592618775401597;-,744914519445471;-1,01555010423286;-1,25129305927446;-1,12378470709505;-,825638990541622;-1,12000185716105;-,832711253677944;-,887858277408625;,503533634249341;1;4,42748984208363
Volkswagen;Passat;51,102;16,725;0;21,2;1,8;150;106,4;68,5;184,1;3,043;16,4;27;3,933823635387;-,117692307787249;-,592618775401597;-,431361792058337;-1,20700124170757;-,634012601771881;-,14227671418582;-,767699412257998;-,241486679616281;-,531363898453433;-,39916525340878;,737030110233678;1;3,933823635387
Volkswagen;Cabrio;9,569;16,575;0;19,99;2;115;97,4;66,7;160,4;3,079;13,7;26;2,25852870679713;-,130788873719247;-,592618775401597;-,515672636533544;-1,01555010423286;-1,25129305927446;-1,3200863056769;-1,2891556168106;-2,00596207858332;-,474266504831946;-1,09362376119803;,503533634249341;1;2,25852870679713
Volkswagen;GTI;5,596;13,76;0;17,5;2;115;98,9;68,3;163,3;2,762;14,6;26;1,72205205680323;-,37656776104308;-,592618775401597;-,689171812354424;-1,01555010423286;-1,25129305927446;-1,12378470709505;-,825638990541622;-1,79005580613587;-,977040776443368;-,862137591934949;,503533634249341;1;1,72205205680323
Volkswagen;Beetle;49,463; ;0;15,9;2;115;98,9;67,9;161,1;2,769;14,5;26;3,90122491532863; ;-,592618775401597;-,800657226536516;-1,01555010423286;-1,25129305927446;-1,12378470709505;-,941518147108865;-1,95384677144083;-,965938505461412;-,887858277408625;,503533634249341;1;3,90122491532863
Volvo;S40;16,957; ;0;23,4;1,9;160;100,5;67,6;176,6;2,998;15,8;25;2,83068072792499; ;-,592618775401597;-,27806934755796;-1,11127567297022;-,457646756771144;-,914396335274415;-1,0284275145343;-,799864970428634;-,602735640480291;-,553489366250836;,270037158265005;1;2,83068072792499
Volvo;V40;3,545; ;0;24,4;1,9;160;100,5;67,6;176,6;3,042;15,8;25;1,26553815998409; ;-,592618775401597;-,208390963694153;-1,11127567297022;-,457646756771144;-,914396335274415;-1,0284275145343;-,799864970428634;-,532949937165141;-,553489366250836;,270037158265005;1;1,26553815998409
Volvo;S70;15,245; ;0;27,5;2,4;168;104,9;69,3;185,9;3,208;17,9;25;2,72425158044022; ;-,592618775401597;,00761202628365031;-,632647829283431;-,316554080770554;-,338578312767666;-,535941099123507;-,107475889821316;-,26966751102162;-,0133549713036389;,270037158265005;1;2,72425158044022
Volvo;V70;17,531; ;0;28,8;2,4;168;104,9;69,3;186,2;3,259;17,9;25;2,86397074237174; ;-,592618775401597;,0981939253066001;-,632647829283431;-,316554080770554;-,338578312767666;-,535941099123507;-,0851407581888227;-,188779536724515;-,0133549713036389;,270037158265005;1;2,86397074237174
Volvo;C70;3,493; ;0;45,5;2,3;236;104,9;71,5;185,7;3,601;18,5;23;1,2507609658247; ;-,592618775401597;1,26182293583218;-,728373398020788;,882733665234462;-,338578312767666;,101394261996347;-,122365977576313;,353645702679605;,140969141538418;-,196955793703668;1;1,2507609658247
Volvo;S80;18,969; ;0;36;2,9;201;109,9;72,1;189,8;3,6;21,1;24;2,94280606774459; ;-,592618775401597;,599878289126014;-,154019985596644;,26545320773188;,315760349171821;,275212996847214;,182880821401109;,352059663967897;,809706963853996;,0365406822806684;1;2,94280606774459
Cadillac;Escalade;14,785; ;1;46,225;5,7;255;117,5;77;201,2;5,572;30;15;2,69361315330444; ;1,67667751089232;1,31233976413345;2,52629593904936;1,21782877073586;1,31035511531984;1,69473266479598;1,03161582343588;3,47972800345598;3,09884797101117;-2,06492760157836;1;2,69361315330444
Chrysler;Town & Country;53,48;19,54;1; ; ; ; ; ; ; ; ; ;3,97930775223374;,128086579536584;1,67667751089232; ; ; ; ; ; ; ; ; ;1;3,97930775223374
Dodge;Ram Pickup;227,061;15,06;1;19,46;5,2;230;138,7;79,3;224,2;4,47;26;17;5,42521870384895;-,263064189632429;1,67667751089232;-,552602179981362;2,04766809536257;,776914158234019;4,08475104194326;2,36103781505764;2,74397591526043;1,73191334315382;2,07002055206412;-1,59793464960969;1;5,42521870384895
Dodge;Ram Wagon;16,767;15,51;1;21,315;3,9;175;109,6;78,8;192,6;4,245;32;15;2,81941266895567;-,223774491836434;1,67667751089232;-,423348777913999;,803235701776928;-,193097989270037;,27650002945545;2,21618886934859;,391342049971052;1,37505463301953;3,61326168048469;-2,06492760157836;1;2,81941266895567
Dodge;Ram Van;31,038;13,425;1;18,575;3,9;175;127,2;78,8;208,5;4,298;32;16;3,43521226024943;-,405816758291209;1,67667751089232;-,614267549700831;,803235701776928;-,193097989270037;2,57977211948245;2,21618886934859;1,57510402649324;1,45911468474005;3,61326168048469;-1,83143112559402;1;3,43521226024943
Dodge;Dakota;111,313;11,26;1;16,98;2,5;120;131;71,5;215;3,557;22;19;4,7123460528983;-,594843859909717;1,67667751089232;-,725404571963604;-,536922260546073;-1,16311013677409;3,07706950255645;,101394261996347;2,05903187853061;,283859999364455;1,04119313311708;-1,13094169764101;1;4,7123460528983
Dodge;Durango;101,323; ;1;26,31;5,2;230;115,7;71,7;193,5;4,394;25;17;4,61831343385423; ;1,67667751089232;-,0753052505142807;2,04766809536257;,776914158234019;1,07479319702163;,159333840279971;,458347444868535;1,61137440106401;1,81281369732736;-1,59793464960969;1;4,61831343385423
Dodge;Caravan;181,749;12,025;1;19,565;2,4;150;113,3;76,8;186,3;3,533;20;24;5,20262661433522;-,528051373656526;1,67667751089232;-,545285949675662;-,632647829283431;-,634012601771881;,760710639290671;1,63679308651236;-,0776957143113229;,245795070283464;,526779423643559;,0365406822806684;1;5,20262661433522
Ford;Explorer;276,747;16,64;1;31,93;4;210;111,6;70,2;190,7;3,876;21;19;5,62310373142159;-,125113695148715;1,67667751089232;,316287266800317;,898961270514286;,424182468232544;,538235494231245;-,275212996847202;,249886216298589;,789806348399291;,78398627838032;-1,13094169764101;1;5,62310373142159
Ford;Windstar;155,787;13,175;1;21,41;3;150;120,7;76,6;200,9;3,761;26;21;5,04848968964722;-,427644368177873;1,67667751089232;-,416729331446937;-,058294416859287;-,634012601771881;1,72913185896111;1,57885350822873;1,00928069180339;,607411896552877;2,07002055206412;-,663948745672341;1;5,04848968964722
Ford;Expedition;125,338;23,575;1;36,135;4,6;240;119;78,7;204,6;4,808;26;16;4,83101408807117;,480384203107335;1,67667751089232;,609284870947628;1,47331468293843;,953280003234757;1,50665671390169;2,18721908020678;1,28474731527082;2,2679944277111;2,07002055206412;-1,83143112559402;1;4,83101408807117
Ford;Ranger;220,65;7,85;1;12,05;2,5;119;117,5;69,4;200,7;3,086;20;23;5,39657773571556;-,892572458763809;1,67667751089232;-1,06891900441218;-,536922260546073;-1,18074672127417;1,31035511531984;-,506971309981693;,994390604048393;-,463164233849991;,526779423643559;-,196955793703668;1;5,39657773571556
Ford;F-Series;540,561;15,075;1;26,935;4,6;220;138,5;79,1;224,5;4,241;25,1;18;6,29260748917561;-,261754533039229;1,67667751089232;-,031756260599401;1,47331468293843;,600548313233282;4,05857749546569;2,30309823677402;2,76631104689293;1,36871047817269;1,83853438280104;-1,36443817362535;1;6,29260748917561
Honda;CR-V;73,203;17,71;1;20,55;2;146;103,2;68,9;177,6;3,219;15,3;24;4,29323640373402;-,0316915248337942;1,67667751089232;-,476652741569812;-1,01555010423286;-,704558939772176;-,561053457827092;-,65182025569075;-,725414531653654;-,252221085192833;-,682092793619216;,0365406822806684;1;4,29323640373402
Honda;Passport;12,855;17,525;1;26,6;3,2;205;106,4;70,4;178,2;3,857;21,1;19;2,55373284071785;-,0478439561499255;1,67667751089232;-,0550985191937763;,133156720615428;,335999545732175;-,14227671418582;-,217273418563578;-,680744268388666;,759671612876841;,809706963853996;-1,13094169764101;1;2,55373284071785
Honda;Odyssey;76,029;19,49;1;26;3,5;210;118,1;75,6;201,2;4,288;20;23;4,33111484645097;,123721057559251;1,67667751089232;-,0969055495120609;,420333426827499;,424182468232544;1,38887575475258;1,28915561681062;1,03161582343588;1,44325429762297;,526779423643559;-,196955793703668;1;4,33111484645097
Jeep;Wrangler;55,557;13,475;1;14,46;2,5;120;93,4;66,7;152;3,045;19;17;4,01740952074798;-,401451236313877;1,67667751089232;-,900994099300399;-,536922260546073;-1,16311013677409;-1,84355723522849;-1,2891556168106;-2,63134576429315;-,528191821030017;,269572568906798;-1,59793464960969;1;4,01740952074798
Jeep;Cherokee;80,556;13,775;1;21,62;4;190;101,4;69,4;167,5;3,194;20;20;4,38895259474462;-,37525810444988;1,67667751089232;-,402096870835538;,898961270514286;,0714507782310689;-,796615376125307;-,506971309981693;-1,47736396328096;-,291872052985532;,526779423643559;-,897445221656677;1;4,38895259474462
Jeep;Grand Cherokee;157,04;18,81;1;26,895;4;195;105,9;72,3;181,5;3,88;20,5;19;5,05650054996821;,0643499586675257;1,67667751089232;-,0345433959539532;,898961270514286;,159633700731438;-,207710580379769;,333152575130838;-,43505782043123;,796150503246123;,655382851011939;-1,13094169764101;1;5,05650054996821
Lexus;LX470;9,126; ;1;60,105;4,7;230;112,2;76,4;192,5;5,401;25,4;15;2,21112748250521; ;1,67667751089232;2,27947573216309;1,56904025167579;,776914158234019;,616756133663985;1,52091392994511;,383897006093555;3,20851538375392;1,91569643922207;-2,06492760157836;1;2,21112748250521
Lexus;RX300;51,238; ;1;34,605;3;220;103;71,5;180,1;3,9;17,2;21;3,93648144426052; ;1,67667751089232;,502676943636002;-,058294416859287;,600548313233282;-,587227004304672;,101394261996347;-,539288434716203;,827871277480282;-,193399769619371;-,663948745672341;1;3,93648144426052
Lincoln;Navigator;22,925; ;1;42,66;5,4;300;119;79,9;204,8;5,393;30;15;3,13222801814253; ;1,67667751089232;1,06393632565897;2,23911923283729;2,01147507323918;1,50665671390169;2,53485654990851;1,29963740302581;3,19582707406026;3,09884797101117;-2,06492760157836;1;3,13222801814253
Mitsubishi;Montero;11,337;19,125;1;31,807;3,5;200;107,3;69,9;186,6;4,52;24,3;18;2,42807171303546;,091852747124722;1,67667751089232;,307716825585069;,420333426827499;,247816623231806;-,0244957550367133;-,362122364272635;-,0553605826788301;1,81121527873921;1,63276889901163;-1,36443817362535;1;2,42807171303546
Mitsubishi;Montero Sport;39,348;13,88;1;22,527;3;173;107,3;66,7;178,3;3,51;19,5;20;3,67244514765051;-,366090508297481;1,67667751089232;-,338898576671064;-,058294416859287;-,228371158270185;-,0244957550367133;-1,2891556168106;-,673299224511166;,209316179914181;,398175996275179;-,897445221656677;1;3,67244514765051
Mercury;Mountaineer;27,609;20,43;1;27,56;4;210;111,6;70,2;190,1;3,876;21;18;3,31814180652483;,205792870733106;1,67667751089232;,0117927293154787;,898961270514286;,424182468232544;,538235494231245;-,275212996847202;,205215953033601;,789806348399291;,78398627838032;-1,36443817362535;1;3,31814180652483
Mercury;Villager;20,38;14,795;1;22,51;3,3;170;112,2;74,9;194,7;3,944;20;21;3,01455402779458;-,286201456112293;1,67667751089232;-,340083109196749;,228882289352785;-,281280911770406;,616756133663985;1,08636709281794;,547687971398511;,897656980795432;,526779423643559;-,663948745672341;1;3,01455402779458
Mercedes-Benz;M-Class;28,976; ;1;35,3;3,2;215;111;72,2;180,6;4,387;19;20;3,36646790114106; ;1,67667751089232;,551103420421348;,133156720615428;,512365390732913;,459714854798507;,304182785989028;-,502063215328713;1,60027213008205;,269572568906798;-,897445221656677;1;3,36646790114106
Nissan;Quest;27,308;15,38;1;26,399;3,3;170;112,2;74,9;194,8;3,991;20;21;3,30717969955603;-,235124848977499;1,67667751089232;-,0691038743504017;,228882289352785;-,281280911770406;,616756133663985;1,08636709281794;,555133015276011;,972200800245706;,526779423643559;-,663948745672341;1;3,30717969955603
Nissan;Pathfinder;42,574;17,81;1;29,299;3,3;170;106,3;71,7;182,6;3,947;21;19;3,75124373831049;-,0229604808791289;1,67667751089232;,13296343885464;,228882289352785;-,281280911770406;-,155363487424611;,159333840279971;-,353162337778752;,902415096930556;,78398627838032;-1,13094169764101;1;3,75124373831049
Nissan;Xterra;54,158; ;1;22,799;3,3;170;104,3;70,4;178;3,821;19,4;18;3,99190570030032; ;1,67667751089232;-,319946056260109;,228882289352785;-,281280911770406;-,417098952200405;-,217273418563578;-,695634356143661;,702574219255355;,372455310801502;-1,36443817362535;1;3,99190570030032
Nissan;Frontier;65,005; ;1;17,89;3,3;170;116,1;66,5;196,1;3,217;19,4;18;4,17446419001413; ;1,67667751089232;-,66199724264754;,228882289352785;-,281280911770406;1,12714028997678;-1,34709519509423;,651918585683484;-,255393162616249;,372455310801502;-1,36443817362535;1;4,17446419001413
Oldsmobile;Bravada;20,017;19,925;1;31,598;4,3;190;107;67,8;181,2;4,068;17,5;19;2,99658191250857;,161701098762046;1,67667751089232;,293154043357533;1,18613797672636;,0714507782310689;-,0637560747530822;-,970487936250679;-,457392952063725;1,09432578104722;-,116237713198343;-1,13094169764101;1;2,99658191250857
Oldsmobile;Silhouette;24,361;15,24;1;25,345;3,4;185;120;72,2;201,4;3,948;25;22;3,19298349290225;-,247348310514031;1,67667751089232;-,142544890942855;,324607858090142;-,0167321442692999;1,63752444628958;,304182785989028;1,04650591119088;,904001135642264;1,81281369732736;-,430452269688004;1;3,19298349290225
Plymouth;Voyager;24,155;12,025;1;18,85;2,4;150;113,3;76,8;186,3;3,528;20;24;3,18449139800637;-,528051373656526;1,67667751089232;-,595105994138284;-,632647829283431;-,634012601771881;,760710639290671;1,63679308651236;-,0776957143113229;,237864876724924;,526779423643559;,0365406822806684;1;3,18449139800637
Pontiac;Montana;39,572; ;1;25,635;3,4;185;120;72,7;201,3;3,942;25;23;3,67812179746098; ;1,67667751089232;-,122338159622351;,324607858090142;-,0167321442692999;1,63752444628958;,449031731698086;1,03906086731338;,894484903372017;1,81281369732736;-,196955793703668;1;3,67812179746098
Subaru;Forester;33,028; ;1;20,095;2,5;165;99,4;68,3;175,2;3,125;15,9;24;3,49735568655518; ;1,67667751089232;-,508356406227844;-,536922260546073;-,369463834270775;-1,0583508409011;-,825638990541622;-,904095584713607;-,401308724093381;-,52776868077716;,0365406822806684;1;3,49735568655518
Toyota;Tacoma;84,087;9,575;1;11,528;2,4;142;103,3;66,5;178,7;2,58;15,1;23;4,43185197714704;-,74196195054583;1,67667751089232;-1,10529112078908;-,632647829283431;-,775105277772471;-,547966684588303;-1,34709519509423;-,643519049001176;-1,26569982197421;-,733534164566569;-,196955793703668;1;4,43185197714704
Toyota;Sienna;65,119; ;1;22,368;3;194;114,2;73,4;193,5;3,759;20,9;22;4,17621636531102; ;1,67667751089232;-,34997743970541;-,058294416859287;,141997116231364;,878491598439779;,651820255690767;,458347444868535;,604239819129461;,758265592906643;-,430452269688004;1;4,17621636531102
Toyota;RAV4;25,106;13,325;1;16,888;2;127;94,9;66,7;163,8;2,668;15,3;27;3,22310686139602;-,414547802245875;1,67667751089232;-,731814983279075;-1,01555010423286;-1,03965404527358;-1,64725563664664;-1,2891556168106;-1,75283058674838;-1,12612841534392;-,682092793619216;,737030110233678;1;3,22310686139602
Toyota;4Runner;68,411;19,425;1;22,288;2,7;150;105,3;66,5;183,3;3,44;18,5;23;4,22553363041201;,118045878988718;1,67667751089232;-,355551710414514;-,345471123071359;-,634012601771881;-,286231219812508;-1,34709519509423;-,301047030636264;,0982934700946242;,140969141538418;-,196955793703668;1;4,22553363041201
Toyota;Land Cruiser;9,835;34,08;1;51,728;4,7;230;112,2;76,4;192,5;5,115;25,4;15;2,28594745184102;1,39758037054494;1,67667751089232;1,69577991053598;1,56904025167579;,776914158234019;,616756133663985;1,52091392994511;,383897006093555;2,75490831220545;1,91569643922207;-2,06492760157836;1;2,28594745184102
